<application>
  <component name="FileTypeManager" version="17">
    <extensionMap>
      <mapping pattern="README" type="PLAIN_TEXT" />
      <mapping pattern="mc_gcms_ipm_of_Js95jroe6AOl78_input" type="PLAIN_TEXT" />
      <mapping pattern="mc_gcms_ipm_of_KHOP2Po0nS9gdY_input" type="PLAIN_TEXT" />
      <mapping pattern="mc_gcms_ipm_of_HJxAhLMBUTqoTK_input" type="PLAIN_TEXT" />
      <mapping pattern="mc_gcms_ipm_of_HE99qAmI7xDCms_input" type="PLAIN_TEXT" />
      <mapping ext="protobin" type="PLAIN_TEXT" />
      <mapping ext="rb" type="PLAIN_TEXT" />
    </extensionMap>
  </component>
</application>