<application>
  <component name="MaterialThemeConfig">
    <option name="fileIcons" value="false" />
    <option name="isDecoratedFolders" value="false" />
    <option name="isHighContrast" value="true" />
    <option name="isPsiIcons" value="false" />
    <option name="isWizardShown" value="true" />
    <option name="pristineConfig" value="false" />
    <option name="useMaterialIcons" value="false" />
    <option name="useColoredDirectories" value="false" />
    <option name="useHollowFolders" value="false" />
    <option name="settingsSelectedTab" value="3" />
    <option name="accentColor" value="009688" />
    <option name="userId" value="-6207df41:1750f998af5:-8000" />
    <option name="version" value="4.11.5" />
  </component>
</application>