<application>
  <component name="MaterialThemeConfig">
    <option name="highContrast" value="true" />
    <option name="isHighContrast" value="true" />
    <option name="isWizardShown" value="true" />
    <option name="pristineConfig" value="false" />
    <option name="useColoredDirectories" value="false" />
    <option name="accentColor" value="009688" />
    <option name="highlightColor" value="80cbc4" />
    <option name="userId" value="-20d2cff8:164e42212c7:-7fff" />
    <option name="version" value="5.2.0" />
  </component>
</application>