<keymap version="1" name="Mac OS X 10.5+ copy" parent="Mac OS X 10.5+">
  <action id="ActivateDebugToolWindow" />
  <action id="ActivateFavoritesToolWindow" />
  <action id="ActivateFindToolWindow" />
  <action id="ActivateProjectToolWindow">
    <keyboard-shortcut first-keystroke="meta back_slash" />
  </action>
  <action id="ActivateRunToolWindow">
    <keyboard-shortcut first-keystroke="meta up" />
  </action>
  <action id="ActivateStructureToolWindow" />
  <action id="ActivateTODOToolWindow" />
  <action id="ActivateTerminalToolWindow">
    <keyboard-shortcut first-keystroke="meta t" />
  </action>
  <action id="ActivateVersionControlToolWindow">
    <keyboard-shortcut first-keystroke="shift meta 9" />
  </action>
  <action id="Arrangement.Alias.Rule.Match.Condition.Move.Up" />
  <action id="Arrangement.Rule.Match.Condition.Move.Down" />
  <action id="Arrangement.Rule.Match.Condition.Move.Up" />
  <action id="Back">
    <keyboard-shortcut first-keystroke="meta alt left" />
    <mouse-shortcut keystroke="button4" />
  </action>
  <action id="ChangesView.Diff" />
  <action id="CompareTwoFiles" />
  <action id="DecrementWindowHeight" />
  <action id="Diff.ShowDiff" />
  <action id="DuplicatesForm.SendToLeft" />
  <action id="DuplicatesForm.SendToRight" />
  <action id="EditSource">
    <keyboard-shortcut first-keystroke="f4" />
  </action>
  <action id="EditorDuplicate" />
  <action id="EditorMoveToPageBottomWithSelection" />
  <action id="EditorMoveToPageTopWithSelection" />
  <action id="EditorSelectWord" />
  <action id="EditorTextEndWithSelection">
    <keyboard-shortcut first-keystroke="shift meta down" />
  </action>
  <action id="EditorTextStartWithSelection">
    <keyboard-shortcut first-keystroke="shift meta up" />
  </action>
  <action id="EditorUnSelectWord" />
  <action id="EditorUnindentSelection">
    <keyboard-shortcut first-keystroke="meta open_bracket" />
  </action>
  <action id="FileChooser.GotoDesktop" />
  <action id="FileChooser.GotoHome" />
  <action id="FileChooser.GotoModule" />
  <action id="FileChooser.GotoProject" />
  <action id="Go To Tab #1">
    <keyboard-shortcut first-keystroke="meta 1" />
  </action>
  <action id="Go To Tab #2">
    <keyboard-shortcut first-keystroke="meta 2" />
  </action>
  <action id="Go To Tab #3">
    <keyboard-shortcut first-keystroke="meta 3" />
  </action>
  <action id="Go To Tab #4">
    <keyboard-shortcut first-keystroke="meta 4" />
  </action>
  <action id="Go To Tab #5">
    <keyboard-shortcut first-keystroke="meta 5" />
  </action>
  <action id="Go To Tab #6">
    <keyboard-shortcut first-keystroke="meta 6" />
  </action>
  <action id="Go To Tab #7">
    <keyboard-shortcut first-keystroke="meta 7" />
  </action>
  <action id="Go To Tab #8">
    <keyboard-shortcut first-keystroke="meta 8" />
  </action>
  <action id="Go To Tab #9">
    <keyboard-shortcut first-keystroke="meta 9" />
  </action>
  <action id="GoToTab1">
    <keyboard-shortcut first-keystroke="meta 1" />
  </action>
  <action id="GoToTab2">
    <keyboard-shortcut first-keystroke="meta 2" />
  </action>
  <action id="GoToTab3">
    <keyboard-shortcut first-keystroke="meta 3" />
  </action>
  <action id="GoToTab4">
    <keyboard-shortcut first-keystroke="meta 4" />
  </action>
  <action id="GoToTab5">
    <keyboard-shortcut first-keystroke="meta 5" />
  </action>
  <action id="GoToTab6">
    <keyboard-shortcut first-keystroke="meta 6" />
  </action>
  <action id="GoToTab7">
    <keyboard-shortcut first-keystroke="meta 7" />
  </action>
  <action id="GoToTab8">
    <keyboard-shortcut first-keystroke="meta 8" />
  </action>
  <action id="GoToTab9">
    <keyboard-shortcut first-keystroke="meta 9" />
  </action>
  <action id="GotoBookmark1" />
  <action id="GotoBookmark2" />
  <action id="GuiDesigner.Duplicate" />
  <action id="GuiDesigner.ExpandSelection" />
  <action id="HideActiveWindow">
    <keyboard-shortcut first-keystroke="shift escape" />
    <keyboard-shortcut first-keystroke="meta down" />
  </action>
  <action id="IncrementWindowHeight" />
  <action id="MethodOverloadSwitchDown" />
  <action id="MethodOverloadSwitchUp" />
  <action id="MoveLineDown">
    <keyboard-shortcut first-keystroke="alt down" />
  </action>
  <action id="MoveLineUp">
    <keyboard-shortcut first-keystroke="alt up" />
  </action>
  <action id="MoveStatementDown" />
  <action id="MoveStatementUp" />
  <action id="RenameElement">
    <keyboard-shortcut first-keystroke="shift meta r" />
  </action>
  <action id="ReplaceInPath" />
  <action id="ResizeToolWindowDown" />
  <action id="ResizeToolWindowUp" />
  <action id="RunDashboard.CopyConfiguration" />
  <action id="SelectNextOccurrence">
    <keyboard-shortcut first-keystroke="meta d" />
  </action>
  <action id="SendEOF" />
  <action id="ShowNavBar">
    <keyboard-shortcut first-keystroke="alt home" />
  </action>
  <action id="ShowSearchHistory" />
  <action id="SmartSelect" />
  <action id="SplitVertically">
    <keyboard-shortcut first-keystroke="shift meta 2" />
  </action>
  <action id="UsageView.ShowRecentFindUsages" />
  <action id="Vcs.EditSource">
    <keyboard-shortcut first-keystroke="f4" />
  </action>
  <action id="Vcs.UpdateProject" />
  <action id="XDebugger.CopyWatch" />
  <action id="XDebugger.JumpToSource">
    <keyboard-shortcut first-keystroke="f4" />
  </action>
  <action id="openAssertEqualsDiff" />
</keymap>